숙소명,고유명사
경포비치호텔,"[""강릉역"", ""경포대"", ""안목 해변"", ""오죽헌""]"
더 홍씨호텔 강릉,"[""강릉 교동"", ""경포대"", ""오죽헌 시립박물관"", ""정동진 해변"", ""안목 해변""]"
씨마크호텔,"[""강릉역"", ""경포대"", ""오죽헌"", ""안목 해변""]"
강릉관광호텔,"[""강릉 문화예술센터"", ""오죽헌 시립박물관"", ""강릉 선교장"", ""경포 도립공원""]"
Hotel Tops10,"[""금진해변"", ""동해"", ""양양 국제공항"", ""강릉역"", ""정동진"", ""하슬라아트월드"", ""금진항""]"
호텔이스트나인,"[""강릉역"", ""주문진 수산시장"", ""오죽헌""]"
주문진리조트,"[""오죽헌"", ""경포대"", ""강릉 커피 거리""]"
썬크루즈호텔&리조트,"[""정동진"", ""정동진역"", ""정동진 해변"", ""해돋이 공원"", ""오죽헌"", ""경포 해변""]"
스카이 베이 경포,"[""경포해변"", ""강릉시""]"
지브,"[""양양 국제공항"", ""주문진 해수욕장"", ""주문진오징어축제""]"
G7 오션뷰 펜션,"[""양양 국제공항"", ""주문진오징어축제"", ""주문진 해수욕장""]"
더 클래식 펜션,"[""주문진항""]"
벨라,"[""강릉종합운동장""]"
영진스테이2,"[""영진해수욕장"", ""주문진수산시장"", ""주문진해수욕장"", ""경포해수욕장"", ""강릉 중앙시장"", ""안목해변"", ""오죽헌"", ""참소리박물관"", ""선교장"", ""대관령 양떼목장"", ""강릉고속버스터미널"", ""주문진시외버스터미널"", ""강릉KTX역"", ""영진해변"", ""소금강"", ""평창""]"
강릉씨티호텔,"[""경포대"", ""강문 해변"", ""경포 해변"", ""안목 해변""]"
웨이블루,"[""소돌해변"", ""주문진해수욕장"", ""향호해변"", ""주문진항"", ""주문진해양박물관"", ""평창 올림픽 플라자"", ""대포항""]"
컨피네스 오션 스위트,"[""강릉 사천항"", ""사천진 해변"", ""정동진 해변"", ""경포대""]"
SL호텔 강릉,"[""주문진"", ""주문진 고속버스터미널"", ""동해"", ""주문진 방파제"", ""오죽헌"", ""안목항 커피 해변"", ""강릉솔향수목원""]"
경포수 호텔,"[""강릉시외버스터미널"", ""주문진 수산시장"", ""오죽헌"", ""경포해변""]"
브라운도트호텔 경포,"[""강릉시외버스터미널"", ""경포 해변"", ""경포호수 광장"", ""주문진항"", ""대관령 양떼목장""]"
페리아902 오션뷰 키즈 가족 펜션,"[""경포대"", ""사천항"", ""정동진 해변"", ""안목 해변""]"
남문로프트,"[""강릉"", ""남문동""]"
사천 스테이 195 호텔,"[""경포해수욕장"", ""사천 해수욕장"", ""강릉""]"
강릉 스테이큐 나인,"[""소돌해변"", ""주문진해수욕장"", ""향호해변"", ""평창 올림픽 플라자"", ""대포항"", ""주문진항""]"
강릉 호텔주노,"[""경포 해변"", ""경포호"", ""강문 해변"", ""정동진 해변""]"
파인아트라벨 호텔,"[""강릉항 여객터미널""]"
썬리치펜션,"[""강릉"", ""주문진오징어축제"", ""바리스타 크루즈""]"
호텔큐브,"[""경포대 해수욕장"", ""동해 바다"", ""허균·허난설헌기념공원"", ""초당순두부마을"", ""오죽헌"", ""강릉역"", ""강릉 시외·고속버스터미널"", ""양양국제공항""]"
스테이 수안,"[""소돌해변"", ""주문진해수욕장"", ""향호해변"", ""주문진항"", ""주문진해양박물관"", ""대포항"", ""평창 올림픽 플라자""]"
강릉 그레이 호텔,"[""경포대"", ""강문 해변"", ""안목 해변"", ""정동진 해변""]"
음악시간펜션,"[""강릉 사천진해변"", ""양양 국제공항""]"
강릉 휴 펜션,"[""강릉시외버스터미널"", ""주문진항"", ""주문진해수욕장"", ""경포해변"", ""오죽헌""]"
강릉 경포대 빅토리아,[]
강릉 오션그레이트펜션,"[""정동진 해수욕장"", ""평창 올림픽 플라자"", ""관동 하키 센터"", ""관동대학교"", ""강릉역"", ""하슬라아트월드"", ""강릉아트센터"", ""강릉시립도서관""]"
파라다이스모텔,"[""강릉시외버스터미널"", ""강문해변"", ""허균허난설헌생가터"", ""오죽헌"", ""강릉 커피거리""]"
스테이올라,[]
강릉 루소 호텔,"[""강릉시외버스터미널"", ""오죽헌"", ""경포해변"", ""주문진 수산시장""]"
강릉 돌고래스파펜션,"[""사천진해변"", ""하평해변"", ""사천해수욕장"", ""평창 올림픽 플라자"", ""에디슨과학박물관"", ""경포대"", ""허균·허난설헌 기념관"", ""환희컵박물관""]"
강릉 그란데마레 풀빌라펜션,"[""강릉"", ""경포대"", ""경포호"", ""강문해변"", ""안목해변"", ""정동진"", ""오죽헌"", ""선교장"", ""강릉역""]"
강릉 올림피아 호텔,"[""경포대"", ""중앙성남전통시장"", ""정동진 해변"", ""주문진 해변""]"
하슬라뮤지엄호텔,"[""하슬라 아트 월드"", ""하슬라아트월드"", ""정동진 레일바이크"", ""정동진 해돋이공원""]"
세인트 존스 호텔,"[""강릉"", ""KTX 강릉역"", ""초당순두부마을"", ""경포해변"", ""강문해변"", ""동해"", ""오션 타워"", ""파인 타워""]"
봉모텔,"[""경포대"", ""중앙성남전통시장"", ""정동진 해변"", ""주문진 해변""]"
루이스호텔,"[""KTX 강릉역"", ""중앙시장"", ""경포대"", ""강릉 커피거리""]"
오월의정원,"[""양양 국제공항"", ""강릉종합운동장""]"
카리브모텔,"[""정동진역"", ""정동진 시간박물관"", ""정동진조각공원"", ""정동진 해돋이공원"", ""등명락가사"", ""정동진 레일바이크""]"
강릉 퀴스테 스파펜션,"[""강문 해변"", ""경포대"", ""정동진 해변"", ""안목 해변""]"
델피노,"[""설악산"", ""동해"", ""속초시외버스터미널"", ""아야진 해수욕장"", ""송지호해수욕장""]"
파랑뷰 호텔,[]
일성설악콘도,"[""속초시외버스터미널"", ""청초호"", ""속초해수욕장"", ""낙산사""]"
㈜포유리조트,"[""속초고속버스터미널"", ""아바이마을"", ""속초중앙시장"", ""낙산사"", ""고성"", ""양양 국제공항"", ""속초해수욕장""]"
소노펠리체 델피노,"[""속초시외버스터미널"", ""속초항"", ""설악산 국립공원"", ""속초 해수욕장"", ""울산 바위"", ""오션 플레이"", ""골프존 파크""]"
설악썬밸리,"[""봉수대해수욕장"", ""진부령 유원지"", ""낙산사""]"
금강산콘도,"[""화진포 해양 박물관"", ""화진포 해변"", ""속초해변"", ""설악산 국립공원""]"
고성 아야진스테이,[]
이랜드파크 켄싱턴 리조트 설악밸리,"[""설악산 국립공원"", ""속초해변"", ""테디베어팜"", ""설악 워터피아""]"
이랜드파크 켄싱턴 리조트 설악비치,"[""설악산"", ""동해"", ""속초고속버스터미널"", ""봉포항"", ""영랑호"", ""대포항"", ""낙산사""]"
오션투유리조트,"[""고성"", ""속초고속버스터미널"", ""아바이마을"", ""속초중앙시장"", ""낙산사"", ""양양 국제공항"", ""속초해수욕장""]"
고성 롱비치275,"[""설악산"", ""속초해수욕장"", ""속초시외버스터미널""]"
파인 리즈 리조트,"[""고성"", ""속초고속버스터미널"", ""아바이마을"", ""속초중앙시장"", ""낙산사""]"
아이파크콘도,"[""설악"", ""미시령"", ""동해""]"
까사델아야,[]
스테이가진,"[""강원도"", ""고성군"", ""가진 해변길"", ""동해""]"
레이크오션,"[""강원도"", ""고성군"", ""토성면"", ""광포호"", ""속초 고속버스터미널"", ""파인리츠CC"", ""봉포항"", ""속초 카페거리"", ""영랑호""]"
숲속의 정원,[]
르네블루바이워커힐,"[""강원도"", ""고성군"", ""죽왕면"", ""송지호 해변"", ""죽도""]"
선샤인비치,"[""고성 화암사"", ""대포항"", ""설악산"", ""낙산사""]"
설악의정원,"[""설악산""]"
서로재,[]
g2002,"[""강원도"", ""고성"", ""공현진 해변""]"
청간정콘도,"[""청간천"", ""만경창파"", ""설악산"", ""동해"", ""속초"", ""고성""]"
뉴동해관광호텔,"[""동해 시외버스터미널"", ""천곡 황금박쥐 동굴"", ""추암 촛대바위"", ""추암 출렁다리"", ""망상 해변"", ""묵호항""]"
동해현진관광호텔㈜,"[""동해공영버스터미널"", ""동해역"", ""묵호항"", ""묵호등대"", ""촛대바위"", ""망상해수욕장""]"
동해글로리아 관광호텔,"[""동해시"", ""망상해변"", ""묵호항"", ""무릉계곡""]"
㈜동해보양온천 컨벤션호텔,"[""동해"", ""묵호항"", ""동해 고래 화석 박물관"", ""망상해수욕장"", ""정동진 해변""]"
망상해오름가족호텔,"[""망상역"", ""망상해수욕장"", ""묵호항"", ""묵호등대"", ""촛대바위""]"
이스트하우스,"[""망상해변"", ""동해 고래 화석 박물관"", ""망상해수욕장"", ""정동진 해변"", ""묵호 등대 공원""]"
골든스타비치 펜션,"[""동해"", ""망상해수욕장""]"
동해 828 오션뷰 스파 펜션,[]
동해 어달오션펜션,"[""동해"", ""어달해변"", ""묵호항"", ""망상해변"", ""천곡황금박쥐동굴"", ""무릉계곡""]"
동해 선샤인,[]
아이체크호텔,"[""천곡동굴"", ""묵호 등대 공원"", ""약천교"", ""추암 촛대바위""]"
동해 안녕동해야,"[""대진해수욕장"", ""노봉해수욕장"", ""어달해수욕장"", ""묵호항수변공원"", ""동해시청"", ""동해 웰빙레포츠타운"", ""동해체육관""]"
동해 동해를그리다 펜션,"[""묵호항"", ""동해 고래 화석 박물관"", ""묵호 등대 공원"", ""정동진 해변""]"
동해 스테이하몽,"[""대진해수욕장"", ""노봉해수욕장"", ""망상해수욕장"", ""묵호항수변공원"", ""동해시청"", ""동해 웰빙레포츠타운"", ""동해체육관""]"
호텔피카소,"[""천곡동굴"", ""묵호항"", ""묵호 등대 공원"", ""정동진 해변""]"
동해한옥 동안재,"[""동해시 버스터미널""]"
호텔여기어때 묵호점,"[""묵호역"", ""망상해수욕장"", ""동해 시청"", ""천곡동굴"", ""묵호성당""]"
호텔이스트 (현 애슈리모텔),"[""강원도"", ""동해항"", ""감추해수욕장"", ""무릉계곡"", ""촛대바위"", ""환선굴""]"
동해망상해변한옥촌,"[""강원도"", ""망상오토캠핑리조트"", ""망상해수욕장""]"
너랑온펜션,"[""동해"", ""망상"", ""동해바다""]"
올리브펜션,"[""망상해변"", ""묵호항"", ""대진등대""]"
망상파크펜션,"[""망상해수욕장"", ""무릉계곡"", ""천곡천연동굴"", ""묵호등대마을""]"
동해 글로리아펜션,"[""동해"", ""망상파란펜션"", ""동해바다""]"
동쪽바다프리미엄하우스(카페앤라씨),[]
황토민박펜션,[]
망상펜션,"[""망상해수욕장"", ""묵호항"", ""도째비골""]"
아이체크 현진호텔,"[""강원도"", ""동해"", ""한섬해변"", ""이마트""]"
쏠비치호텔삼척 ,"[""삼척 종합버스터미널"", ""삼척해변역"", ""삼척 해수욕장"", ""추암 조각공원"", ""봉황산산림욕장""]"
삼척 NS 호스텔,"[""삼척해수욕장"", ""삼척시외버스터미널"", ""대포항"", ""추암해변"", ""삼척해변""]"
라온스파펜션,[]
씨스포빌콘도,"[""삼척"", ""맹방 해변"", ""묵호항"", ""척주동해비""]"
힐스노클비치 호텔,"[""장호항"", ""장호 해수욕장"", ""용화해변"", ""묵호항""]"
라벤다모텔,"[""강원대 삼척캠퍼스"", ""삼장사"", ""해가사의터"", ""봉황산"", ""후진해변"", ""새천년해안유원지"", ""광진항""]"
신리마을회(너와마을),[]
그라시아펜션,"[""삼척시"", ""근덕면"", ""궁촌항"", ""장호항"", ""궁촌역"", ""원평 해수욕장""]"
그린향펜션,"[""삼척""]"
삼척비치모텔,"[""삼척해수욕장""]"
용화호텔,"[""강원도"", ""삼척시"", ""근덕면"", ""장호항"", ""동해"", ""환선굴"", ""대금굴""]"
펜션오라,"[""장호 해수욕장""]"
정원가든 애견동반펜션,[]
꽃내음펜션,[]
힐링캠프 애견동반 펜션,"[""청산계곡"", ""용화해수욕장"", ""동해안"", ""삼척시"", ""동해바다""]"
신나개 애견펜션,[]
나디아민박,"[""삼척"", ""덕산해변""]"
해마루 펜션,"[""장호"", ""장호 해수욕장"", ""장호항"", ""장호어촌체험마을"", ""해신당공원"", ""용화레일바이크""]"
더블유펜션[한국관광 품질인증/Korea Quality],"[""강원도"", ""삼척"", ""용화해수욕장"", ""해양레일바이크"", ""해상케이블카"", ""용굴 촛대바위""]"
코아페바다펜션,"[""강원도"", ""삼척"", ""용화해수욕장"", ""장호항"", ""삼척레일바이크탑승장""]"
향초목원,"[""가곡유황온천"", ""덕풍계곡"", ""동해안"", ""환선굴""]"
로즈밸리,"[""7번 국도"", ""임원항"", ""장호해수욕장"", ""추암일출"", ""대금굴"", ""환선굴"", ""해신당공원"", ""덕풍계곡트래킹"", ""검봉산휴양림"", ""덕구온천""]"
티오피모텔,"[""삼척"", ""대명 쏠비치"", ""삼척후진해수욕장"", ""증산해수욕장"", ""맹방해수욕장"", ""해양레일바이크"", ""대금굴""]"
솔향기가득한집,[]
마레몬스호텔,"[""속초해변"", ""설악산 국립공원"", ""설악 해맞이 공원"", ""대포항""]"
켄싱턴스타호텔,"[""설악산 국립공원"", ""설악 케이블카"", ""권금성"", ""속초해변""]"
체스터톤스 속초,"[""속초바다낚시터""]"
베니키아 산과 바다 대포항,"[""속초해변"", ""설악산 국립공원"", ""설악 워터피아"", ""설악 해맞이 공원""]"
롯데리조트 속초,"[""영랑호"", ""속초등대전망대"", ""속초 중앙시장""]"
비즈니스 호텔 카멜,"[""속초바다낚시터"", ""양양 국제공항""]"
베니키아 산과 바다 속초,"[""속초고속버스터미널"", ""설악해맞이공원"", ""대포항"", ""속초해수욕장"", ""낙산사"", ""중앙시장"", ""아바이마을""]"
호텔굿모닝,"[""속초해변"", ""대포항"", ""속초 엑스포 타워"", ""영랑호""]"
호텔더블루테라,"[""외옹치해변"", ""속초해수욕장"", ""낙산해수욕장"", ""낙산사""]"
스테이호스텔,"[""속초""]"
속초비치호스텔,"[""속초해수욕장""]"
속초 화이트하우스 수영장펜션,[]
씨크루즈 호텔 속초,"[""속초 해변"", ""설악 워터피아"", ""설악산 국립공원"", ""석봉도자기미술관""]"
더 호텔 속초 바이 베스트 웨스턴 시그니처 컬렉션,"[""속초해수욕장"", ""대포항"", ""설악워터피아"", ""속초 엑스포 공원""]"
마리나베이 속초,"[""청초호"", ""속초해수욕장"", ""엑스포타워"", ""외옹치 해수욕장"", ""대포항""]"
속초 소노레지던스,"[""속초해수욕장"", ""설악워터피아"", ""속초 엑스포 공원"", ""엑스포타워"", ""대포항"", ""석봉도자기미술관"", ""속초문화회관""]"
팜파스 호텔&리조트 속초,"[""속초 해변"", ""속초아이"", ""설악산 국립공원"", ""설악 워터피아""]"
더펠리스,"[""속초"", ""영랑호"", ""속초문화센터"", ""속초해변"", ""설악산 국립공원""]"
르컬렉티브 속초중앙,"[""설악산 국립공원"", ""속초해변"", ""속초 엑스포 공원"", ""석봉도자기미술관""]"
어반스테이 속초등대해변,[]
설악파인리조트,"[""설악산"", ""속초해수욕장"", ""속초시외버스터미널""]"
신세계영랑호리조트,"[""영랑호"", ""속초시외버스터미널"", ""중앙시장"", ""아바이마을"", ""속초해수욕장""]"
한화호텔앤드리조트(쏘라노),"[""설악산 국립공원"", ""설악 워터피아"", ""속초해변"", ""설악 플라자 컨트리클럽""]"
현대수콘도미니엄,"[""설악 워터피아"", ""설악산 국립공원"", ""속초해변"", ""속초시립박물관"", ""실향민 민속촌""]"
도미니클라바 속초,"[""설악산"", ""속초해수욕장"", ""속초시외버스터미널""]"
금호설악콘도,"[""설악산 국립공원"", ""속초해변"", ""척산족욕공원"", ""속초시립박물관"", ""실향민 민속촌""]"
라마다 속초,"[""대포항"", ""속초해수욕장"", ""아바이 마을"", ""엑스포 공원""]"
호텔 아마란스,"[""강원도"", ""속초"", ""설악산"", ""울산바위"", ""속초 IC"", ""척산온천"", ""영랑호""]"
송월파크,"[""설악산 국립공원"", ""속초해수욕장"", ""낙산사"", ""대포항"", ""동명항"", ""척산온천""]"
더케이설악산가족호텔,"[""설악산"", ""속초""]"
화이트스테이션 호스텔,"[""속초""]"
바다향기펜션,[]
해림모텔,"[""속초시"", ""설악동"", ""설악산 국립공원"", ""척산족욕공원"", ""속초해변"", ""속초시립박물관"", ""실향민 민속촌"", ""속초해수욕장"", ""내린천""]"
호텔 느낌,"[""속초시"", ""청초호"", ""척산온천"", ""설악산 국립공원"", ""속초해수욕장""]"
위너스모텔,"[""속초시"", ""청초호"", ""척산온천"", ""설악산국립공원"", ""속초해수욕장""]"
광림모텔,"[""강원도"", ""속초시""]"
대궐파크,[]
조양펜션,"[""속초해수욕장""]"
미라지모텔,[]
헬리오스모텔,"[""강원도"", ""속초시"", ""설악산"", ""등대해수욕장"", ""장사항"", ""영랑호"", ""속초등대전망대"", ""영금정""]"
아이리스모텔,[]
더 레드 하우스,"[""외설악"", ""동해안"", ""설악산""]"
설악산파크리조트,"[""설악산"", ""대포항"", ""외옹치"", ""속초해수욕장"", ""청초호"", ""청호동 아바이마을""]"
위드유[한국관광 품질인증/Korea Quality],"[""속초시"", ""속초고속버스터미널""]"
설악힐호텔,"[""동해고속도로"", ""속초톨게이트"", ""청초호"", ""속초항"", ""속초해수욕장"", ""울산바위"", ""척산온천""]"
(주)척산온천휴양촌,"[""설악산"", ""울산바위"", ""속초시립박물관"", ""설악산자생식물원"", ""청초호 유원지""]"
리센 오션파크 속초,"[""속초시"", ""조양동"", ""속초 해수욕장""]"
컨피네스 비치호텔,"[""강원도"", ""속초시"", ""조양동"", ""속초 고속버스 터미널""]"
팜파스리조트,"[""설악산"", ""속초 버스터미널""]"
두호텔 [한국관광 품질인증/Korea Quality],"[""강원도"", ""속초"", ""청초호수공원"", ""청초호"", ""영금정"", ""대포항"", ""동명항"", ""설악산""]"
호텔포레,"[""청초호"", ""청초호 엑스포 전망대"", ""엑스포 잔디광장"", ""동명항"", ""대포항"", ""속초 해수욕장""]"
속초 관광호텔 베리트,[]
모아모텔,"[""영금정"", ""속초"", ""동명항"", ""청초호"", ""속초등대전망대"", ""속초 해수욕장"", ""영랑호"", ""장사항""]"
시나브로 모텔,"[""속초시"", ""조양동""]"
등대비치 레지던스 호텔[한국관광 품질인증/Korea Quality],"[""강원도"", ""속초시"", ""등대해변"", ""동해"", ""설악산"", ""영랑호""]"
에이스모텔,"[""장사항""]"
조광모텔,"[""강원도"", ""속초""]"
청초비치 모텔,"[""설악산"", ""동해"", ""청초 호수"", ""청초호변"", ""엑스포 탑"", ""시민공원"", ""청초호변""]"
해맞이모텔,"[""속초"", ""동명항"", ""영금정""]"
해피하우스,"[""속초시청"", ""영금정 회 센터""]"
뉴스타트설악리조트[한국관광 품질인증/Korea Quality],"[""강원도"", ""속초"", ""설악산국립공원"", ""설악산"", ""속초 해수욕장"", ""낙산사"", ""대포항"", ""동명항"", ""척산온천""]"
초원리조텔,"[""설악산국립공원"", ""설악산 탐방안내소"", ""신흥사"", ""흔들바위""]"
양구KCP호텔,"[""양구 선사박물관"", ""국토정중앙천문대""]"
바우야생화농장펜션,"[""설악산"", ""속초해수욕장"", ""속초시외버스터미널""]"
주목나무펜션,"[""양구시외버스터미널"", ""양구""]"
양구 테마,[]
양구 고향의봄펜션,"[""양구생태식물원"", ""양구 선사박물관""]"
산골나그네 펜션,"[""두타연"", ""백두산신병교육대"", ""송서울""]"
양구콩세알민박(양구콩세알펜션),"[""양구"", ""양구콩세알민박"", ""양구콩세알펜션""]"
학조리샘말펜션,[]
현대모텔,"[""양구"", ""2사단 신병교육대"", ""노도부대"", ""21사단 신병교육대"", ""백두산부대""]"
쏠비치 호텔 양양,"[""오산리 선사유적박물관"", ""일현미술관"", ""설악산 국립공원"", ""주문진 해변""]"
베니키아호텔 산과바다 양양,"[""낙산종합버스터미널"", ""낙산해수욕장"", ""낙산사"", ""휴휴암""]"
어반스테이 낙산해변,"[""양양"", ""낙산 해변"", ""의상대"", ""설악산 국립공원"", ""속초해변""]"
오색그린야드호텔,"[""설악산"", ""오색"", ""주전골입구"", ""오색약수"", ""설악산국립공원""]"
낙산비치호텔,"[""설악산 국립공원"", ""속초해변"", ""의상대"", ""낙산 해변""]"
더앤리조트,"[""양양"", ""남애 해변"", ""남애항"", ""주문진 해변""]"
센텀마크 호텔 양양,"[""양양종합버스터미널""]"
그랑베이 바이 소타 스위트,"[""양양"", ""설악산 국립공원"", ""낙산 해변"", ""속초해변"", ""의상대""]"
투와이호텔,"[""양양"", ""설악산 국립공원"", ""속초해변"", ""설악 해변"", ""낙산사""]"
일기일회,"[""Surfyy Beach"", ""하조대 해수욕장"", ""하조대 무인등대"", ""설악산 국립공원""]"
이엘 호텔,"[""양양"", ""낙산사"", ""대포항"", ""설악 해변"", ""낙산 해변""]"
호텔 웨이블런트 양양,"[""양양국제공항"", ""설악산"", ""오색약수터"", ""낙산사"", ""속초해수욕장""]"
인구스테이,"[""양양국제공항"", ""주문진 해수욕장""]"
양양비치콘도,"[""설악산 국립공원"", ""낙산 해변"", ""의상대"", ""설악 해변""]"
코랄로 바이 조선,"[""양양"", ""주문진 해변"", ""휴휴암"", ""남애 해변""]"
낙산 패밀리파크,"[""낙산해수욕장"", ""낙산사"", ""의상대"", ""오색약수터"", ""생태박물관""]"
연어의 고향 펜션,"[""강원도"", ""낙산해수욕장"", ""조산리"", ""낙산"", ""낙산사"", ""남대천"", ""설악산"", ""대포항"", ""하조대"", ""척산온천"", ""오색 약수터"", ""설악워터피아"", ""대조영 촬영장"", ""해양 박물관"", ""테디베어팜"", ""노란 잠수함"", ""서울"", ""대관령"", ""양떼목장""]"
오핑펜션,"[""양양""]"
빈티지하우스펜션,[]
초록바다펜션,"[""설악산""]"
보노펜션,"[""동호리해수욕장""]"
양양 스테이 프리덴,"[""동해"", ""설악산"", ""대청봉""]"
씨젠콘도텔,"[""낙산 해수욕장""]"
알프스비치,"[""하조대해수욕장""]"
서퍼스파라다이스 STAY,"[""인구해변"", ""서퍼스파라다이스""]"
아름다운바다콘도텔,"[""강원도"", ""양양군"", ""물치항""]"
메종드메르,"[""죽도"", ""인구"", ""광진해변""]"
수산모텔,"[""강원도"", ""양양"", ""수산항"", ""동해"", ""수산항요트마리나"", ""수산봉수대"", ""낙산사"", ""낙산해수욕장"", ""양양 고속시외버스터미널"", ""국제공항""]"
양양국제공항호텔,"[""양양국제공항"", ""양양고속시외버스터미널"", ""동해대로"", ""손양IC"", ""낙산해수욕장"", ""낙산사"", ""하조대""]"
38마린리조트,"[""강원도"", ""양양군"", ""현북면"", ""기사문 해수욕장"", ""기사문 방파제""]"
지오 파인트리,"[""강원도"", ""양양"", ""서피비치""]"
아담하우스,"[""낙산사"", ""낙산해수욕장""]"
숲속의집,"[""양양"", ""어성전 계곡"", ""하조대 해수욕장""]"
몬띠마르펜션,"[""물치"", ""정암 해수욕장"", ""양양"", ""동해바다""]"
더퍼피즈블루오션,[]
양양해피플레이스,[]
아쇼카펜션,"[""동호해변"", ""양양국제공항"", ""동해"", ""설악""]"
하조대아름들펜션,[]
설악비치펜션,"[""설악해변"", ""대청봉""]"
스테이다로,"[""강원도"", ""양양"", ""하조대 해수욕장"", ""하조대천""]"
스테이다로2,"[""강원도"", ""양양"", ""하조대 해수욕장"", ""하조대천""]"
바다둥지모텔&펜션,"[""강원도"", ""양양"", ""하조대 해수욕장"", ""하조대""]"
코게러지,"[""강원도"", ""양양"", ""기사문해변"", ""낙산사"", ""하조대"", ""남애항"", ""오색탄산온천""]"
더낙산호텔,"[""낙산 해변"", ""낙산 해수욕장"", ""낙산사"", ""낙산비치 호텔"", ""할리스 카페""]"
브리드호텔 양양,"[""한화리조트"", ""강원도"", ""양양"", ""죽도해변"", ""인구해변"", ""죽도"", ""양양 수산물유통물류센터""]"
환상의성,"[""어성전 계곡"", ""남대천""]"
송이모텔,"[""양양"", ""낙산해수욕장""]"
모비딕 모텔,"[""양양고인돌캠프장"", ""어성전숲속수련장""]"
동강시스타,"[""영월스포츠파크 실내체육관"", ""Saekyung University"", ""Cheongnyeongpo"", ""조선민화박물관"", ""Jecheon Seongseo Chimrye Church"", ""Jecheon City Library"", ""Daedosa"", ""원주공항""]"
강가에 하얀집 펜션,"[""영월"", ""영월 IC"", ""청령포"", ""하이원스키장"", ""정선"", ""태백선""]"
예솔누리,"[""영월군"", ""원주시"", ""신림면"", ""남원주"", ""치악산"", ""서울"", ""대구"", ""안동"", ""중앙고속도로"", ""구룡산"", ""주천강"", ""서마니강"", ""두산 약수터"", ""뱀골계곡"", ""감악산""]"
동강빌리지,"[""동강"", ""어라연"", ""삼옥리"", ""둥글바위""]"
휴펜션,"[""강원도"", ""영월군"", ""무릉도원면"", ""법흥계곡""]"
청호정펜션,"[""서강"", ""영월"", ""선돌""]"
조견당,"[""강원도"", ""영월""]"
비브릿지,"[""강원도"", ""영월군"", ""김삿갓면""]"
산골흙집,"[""강원도"", ""영월"", ""삼방산""]"
사람과자연펜션,[]
하늘샘펜션,"[""서울"", ""강원도"", ""영월"", ""동강"", ""둥굴바위"", ""봉래산"", ""별마루 천문대"", ""영월군"", ""단종유배지"", ""청령포"", ""장릉"", ""고씨동굴"", ""법흥사"", ""요선정"", ""사자산"", ""책박물관"", ""곤충 박물관""]"
해질녘강물소리,[]
산수애,"[""강원도"", ""영월"", ""서울"", ""부산""]"
엘솔펜션,"[""평창강""]"
동방모텔,"[""영월"", ""칠용동골"", ""단종비"", ""선달산"", ""선달산 계곡"", ""백두대간"", ""자규루"", ""관풍헌"", ""하송리 은행나무"", ""금강공원 에코스튜디오""]"
드림힐펜션,"[""영월군"", ""김삿갓면"", ""동강"", ""영월 국제현대미술관"", ""왕검성""]"
한우리펜션,[]
엄둔가자화이트펜션,"[""강원도"", ""영월"", ""치악산"", ""엄둔계곡""]"
베니키아문막호텔,"[""센츄리21골프장"", ""오크밸리골프장"", ""간현국민관광지"", ""치악산국립공원"", ""박경리문화공원"", ""거든사지"", ""법천사지""]"
호텔비즈인,"[""박경리 문학공원"", ""원주역사박물관"", ""간현유원지"", ""치악산 국립공원""]"
시티호텔,"[""원주역사박물관"", ""박경리 문학공원"", ""남부탁구장"", ""원주중앙시장""]"
호텔 덕영,[]
호텔인터불고 원주,"[""강원특별자치도"", ""원주시"", ""혁신도시"", ""치악산""]"
오크밸리,[]
베니키아 호텔 비즈인,"[""치악산"", ""무실동"", ""남원주 IC"", ""원주시청""]"
별무인호텔,[]
클라우드펜션민박,[]
또아리하우스,[]
오키드호텔,"[""강원도"", ""원주시"", ""단계동"", ""원주 고속버스터미널""]"
오크카운티펜션,"[""원주 오크밸리리조트"", ""오크밸리 스키장"", ""강원도""]"
유알풀빌라펜션,[]
솔치송어파티펜션,[]
하이봉자,"[""강원도"", ""원주""]"
비안단테펜션 원주점,[]
보스코아호텔,"[""치악산"", ""소금산출렁다리"", ""뮤지엄 산"", ""원주 레이바이크""]"
오크밸리 골프빌리지사우스콘도,"[""강원도"", ""원주시"", ""지정면"", ""오크밸리"", ""오크밸리 성당"", ""오크밸리 교회"", ""천문공원""]"
호암산장,"[""영동 고속도로"", ""문막 IC"", ""남한강"", ""섬강""]"
원모텔,"[""강원도"", ""원주시"", ""원주천""]"
스피디움호텔,"[""설악산 국립공원"", ""원대리 자작나무 숲"", ""소양호""]"
꿈동산펜션,"[""한석산"", ""설악산"", ""동해""]"
아웃도어패밀리,"[""인제읍"", ""내린천"", ""내린천 계곡""]"
맑은물소리 펜션,"[""인제"", ""내린천"", ""한계령"", ""방태산휴양림"", ""오색온천""]"
강변에서 황토콘도,"[""인제군"", ""내린천"", ""자작나무 숲""]"
설산펜션,"[""용대리"", ""향로봉"", ""칠절봉"", ""신성봉"", ""미시령터널"", ""속초시내"", ""설악"", ""백담사"", ""만해마을"", ""백담계곡"", ""용대자연휴양림""]"
방태산황토펜션,"[""방태산자연휴양림"", ""내린천래프팅"", ""아침가리트레킹"", ""방동약수터"", ""곰배령""]"
들꽃나라펜션,"[""인제"", ""내린천"", ""방태산"", ""방태산 자연휴양림"", ""방동약수"", ""오천지""]"
갤러리&펜션 풍경소리,"[""태백산맥"", ""설악산"", ""점봉산"", ""곰매령"", ""곰배령"", ""단목령""]"
솔방울펜션,"[""백담계곡"", ""용대삼거리 버스터미널""]"
가리벨리 관광펜션(가리벨리관광펜션휴양타운),"[""설악산국립공원"", ""내린척"", ""원대리 자작나무 숲"", ""인제오토테마파크"", ""필례약수"", ""인제스피디움"", ""한계령"", ""오색약수"", ""양양"", ""속초"", ""백담사""]"
인제호텔(INJE HOTEL),"[""인제시외버스터미널"", ""인제산촌미속박물관"", ""인제하늘내린센터""]"
라이프위드도그,"[""인제군"", ""자작나무 숲"", ""서울""]"
보리네민박,"[""자작나무숲"", ""내린천레프팅"", ""인제스피디움""]"
맑은물리조트,[]
동국대학교 만해마을,"[""강원도"", ""인제군"", ""내설악"", ""동해안"", ""만해문학박물관"", ""님의침묵광장"", ""문인의집"", ""만해학교"", ""서원보전""]"
호텔 스카이락,"[""강원도"", ""인제읍"", ""시외버스터미널""]"
플로팅웨일 설악도적폭포스테이,"[""속초 I.C"", ""미시령"", ""설악산 국립공원""]"
산악코스텔,[]
진동너와촌 해마루펜션,"[""진동호"", ""백두대간"", ""곰배령"", ""점봉산"", ""조침령"", ""북암령"", ""단목령"", ""조침령터널"", ""동해안"", ""양양"", ""속초"", ""진동계곡""]"
진동리의아침,"[""강원도"", ""인제군"", ""진동리"", ""추대계곡"", ""진동계곡"", ""가마소"", ""곰배령""]"
인제관광농원,[]
숲속힐링이야기,"[""인제"", ""12사단"", ""북천 계곡"", ""원통"", ""설악산"", ""백담사"", ""용대리마을"", ""속초"", ""인제 내설악미술관"", ""소양강 하안단구"", ""설악산 국립공원"", ""인제 냇강마을""]"
펜션포유,"[""인제"", ""내린천""]"
하이원 그랜드 호텔카지노,"[""고한·사북 공용 버스터미널"", ""사북역"", ""강원랜드 카지노"", ""하이원 워터월드""]"
하이원 팰리스호텔,"[""정선군"", ""고한읍""]"
퍼시먼 관광호텔,"[""강원랜드 카지노"", ""하이원리조트"", ""민둥산"", ""하이원 스키""]"
골든메이플관광호텔,"[""설악산"", ""속초해수욕장"", ""속초시외버스터미널""]"
엘스관광호텔,"[""설악산"", ""속초해수욕장"", ""속초시외버스터미널""]"
하이원리조트,"[""정선"", ""고한·사북 공용 버스터미널"", ""사북역"", ""강원랜드 카지노"", ""하이원 워터월드""]"
메이힐스리조트,"[""강원랜드 카지노"", ""하이원 골프장"", ""하이원 스키"", ""하이원 컨트리클럽"", ""만항재 고개""]"
하이캐슬리조트,"[""강원랜드 카지노"", ""하이원리조트"", ""하이원 스키"", ""하이원 컨트리클럽""]"
파크로쉬 리조트,"[""정선레일바이크"", ""오대산 월정사"", ""용평리조트"", ""강릉역"", ""양양국제공항""]"
강이흐르는마을 펜션,"[""강원도"", ""정선군"", ""동강"", ""조양강"", ""화암동굴"", ""정선오일장""]"
아미띠에펜션,"[""강원랜드""]"
스타호텔,"[""강원랜드""]"
흙과소나무,[]
정선황토펜션,"[""병방산군립공원"", ""동강""]"
코코펜션(구 백가지 나무이야기),[]
갤럭시 모텔,"[""화암 동굴"", ""정선 5일장"", ""정선 카지노"", ""정선 스키장""]"
상유재,"[""정선"", ""강원특별자치도"", ""정선아리랑시장""]"
강과 소나무,"[""강원도"", ""정선군""]"
모래불 펜션(모래불 스테이),"[""정선아리랑"", ""정선 레일바이크"", ""정선레일바이크"", ""정선5일장""]"
백두대간 약초나라,[]
마을호텔18번가,"[""고한읍"", ""고한리""]"
그랜드 인투라온호텔 정선,"[""하이원 스키장"", ""정선 레일바이크""]"
프로방스 펜션,[]
메이플펜션,[]
하이하늘펜션,[]
락있수다펜션,[]
또바기콘도펜션,[]
가리왕산이야기 펜션,"[""가리왕산"", ""가리왕산 자연휴양림""]"
도원펜션,"[""가리왕산"", ""어도원 계곡""]"
은하수와여울 펜션,"[""정선군"", ""조양강"", ""아우라지"", ""구절리"", ""상정바위""]"
하이랜드호텔,"[""강원도"", ""정선"", ""하이원리조트"", ""고한"", ""강원랜드"", ""하이원골프장"", ""정암사"", ""삼탄아트마인"", ""만항재""]"
해피스테이션 기차펜션,"[""정선"", ""구절리역"", ""송천강변"", ""구절리""]"
달빛마을,[]
물소리바람소리펜션,"[""강원도"", ""정선"", ""백석폭포"", ""숙암계곡""]"
한탄리버스파호텔,"[""고석정 국립관광지"", ""철의 삼각지"", ""직탕폭포"", ""삼부연 폭포""]"
그린모텔,"[""철원군"", ""동송읍"", ""고석정"", ""한탄강"", ""철의 삼각전적지 관리사무소""]"
하늘마루 펜션,"[""고석정"", ""한탄강"", ""샘통 철새 도래지"", ""노동당사"", ""백마고지"", ""월정리 역"", ""제2땅굴""]"
고다리조트,"[""강원도"", ""철원읍"", ""갈마읍"", ""한탄강""]"
별비내리는마을펜션,[]
케렌시아펜션,"[""한탄강"", ""고석정""]"
바위샘펜션,"[""부부바위"", ""아들바위"", ""거북바위""]"
마이그린 펜션,"[""한탄강"", ""철원""]"
새바라기 펜션,"[""철원 번지점프장"", ""한탄강""]"
별이든 샘 펜션,"[""설악산"", ""속초해수욕장"", ""속초시외버스터미널""]"
노스텔지아 펜션,[]
별헤는밤,"[""금학산"", ""담터 계곡"", ""담터 오토캠프장""]"
오벨리스크,[]
한탄강 디퍼펜션,"[""한탄강"", ""직탕폭포""]"
마운틴밸리 펜션,"[""한탄강계곡""]"
늘푸른 펜션,"[""고석정"", ""한탄강"", ""고석정랜드"", ""전적관""]"
꿈의궁전모텔,"[""강원도"", ""철원군"", ""북주산 자연휴양림"", ""철원 DMZ"", ""삼부연폭포"", ""심원사"", ""한탄강 주상절리""]"
대명관광호텔,"[""강원도"", ""철원군"", ""서면"", ""복주산 자연휴양림"", ""승리 전망대"", ""철원 시외버스터미널"", ""쉬리마을"", ""한탄강"", ""순담계곡""]"
드림파크모텔,"[""고석정 관광단지"", ""제2땅굴"", ""철의삼각지"", ""월정역"", ""노동당 청사"", ""고석정랜드""]"
춘천베어스관광호텔,"[""KT&G 상상마당 춘천 아트 센터"", ""춘천 문화예술회관"", ""남이섬"", ""엘리시안 강촌 스키 리조트""]"
레고랜드호텔,"[""춘천역"", ""하중도 생태공원"", ""공지천 유원지""]"
에스파스호스텔,"[""춘천"", ""축제극장 몸짓"", ""춘천종합운동장"", ""남이섬"", ""엘리시안 강촌 스키 리조트""]"
도도스테이,"[""춘천 명동거리"", ""육림고개"", ""남이섬"", ""엘리시안 강촌 스키 리조트""]"
호텔 인트로,[]
강촌 느티나무마을펜션,"[""강촌"", ""북한강"", ""강촌 전철역"", ""강촌랜드"", ""강촌유원지""]"
춘천세종호텔,"[""춘천시"", ""봉의동"", ""춘천역"", ""춘천버스터미널"", ""봉의산""]"
강촌w펜션,"[""강촌"", ""강촌역""]"
강촌잠빌펜션,[]
수한예,"[""춘천""]"
해피리버펜션,"[""강원도"", ""춘천""]"
수하늘펜션,[]
호텔정관루별관(콘도별장),"[""강원특별자치도"", ""춘천"", ""남이섬""]"
SH게스트하우스,"[""강원도"", ""춘천"", ""명동"", ""육림고개""]"
로하스테이,"[""삼악산""]"
한율재,"[""경복궁"", ""북촌 한옥마을"", ""인사동"", ""청와대"", ""삼청동"", ""서울""]"
케이티엔지(KT&G) 상상마당춘천스테이,"[""의암호"", ""공지천 유원지"", ""춘천중도물레길""]"
더잭슨나인스호텔,"[""강원도"", ""춘천"", ""공지천"", ""의암호""]"
춘천일기스테이,"[""강원도"", ""춘천"", ""홍천"", ""화천""]"
호텔공지천,"[""강원도"", ""춘천시"", ""의암호"", ""공지천"", ""북한강"", ""공지천유원지"", ""하중도"", ""춘천수변공원"", ""MBC 춘천문화방송국"", ""공지천 조각공원""]"
남이섬설리조트,"[""강원도"", ""철원읍"", ""갈마읍"", ""한탄강""]"
봄스테이,"[""강원도"", ""춘천시"", ""효자동""]"
쏠리오,[]
하늘풍경펜션,"[""강촌""]"
리버웍펜션,"[""북한강""]"
아름다운집,"[""북한강"", ""삼악산"", ""강촌 유원지"", ""구곡폭포"", ""강촌 리조트"", ""남이섬 유원지""]"
비안단테 펜션,"[""춘천역""]"
헤이춘천,"[""공지천""]"
1962호텔,"[""강원도"", ""춘천"", ""남춘천역"", ""레고랜드""]"
넘버25 호텔 남춘천점,"[""강원도"", ""춘천"", ""강대""]"
리버사이드호텔,"[""소양강댐"", ""감자밭카페"", ""통나무닭갈비"", ""손흥민축구장""]"
브라운도트호텔 남춘천점,"[""남춘천역""]"
스테이 물결,"[""강원도"", ""춘천시"", ""효자동""]"
YlangYlang,"[""강원도"", ""춘천"", ""퇴계동"", ""공지천""]"
호연담,"[""춘천역"", ""레고랜드"", ""삼악산 케이블카"", ""소양강 스카이워크""]"
호텔정관루본관,"[""강원도"", ""춘천"", ""남이섬""]"
리젠트모텔,"[""공지천유원지"", ""소양강댐""]"
제이드모텔,"[""춘천 옥광산"", ""손흥민체육공원"", ""구봉산 전망대"", ""강원 경찰박물관"", ""충렬탑"", ""청평사""]"
큐모텔,"[""춘천시"", ""팔호광장""]"
테마모텔,"[""물시계전시관"", ""에티오피아 한국전 참전기념관"", ""춘천시립도서관"", ""윤희순여사 동상"", ""공지천 유원지"", ""향토공예관"", ""춘천남부시장"", ""풍물시장"", ""춘천중앙시장"", ""춘천제일시장"", ""춘천문화예술회관"", ""춘천지구 전적비""]"
숲속의강촌,"[""강촌리조트"", ""문배마을"", ""구곡폭포"", ""남이섬""]"
태백관광호텔(SORANO HOTEL),"[""하이원 스키"", ""용연동굴"", ""하이원리조트"", ""강원랜드 카지노""]"
설화국가족 호텔,"[""태백"", ""황지동""]"
오투(O2)리조트,"[""태백"", ""황지동""]"
리베라모텔(태백),"[""태백시"", ""황지연못"", ""장성 전기고생대 화석 산지"", ""분주령 야생화 트레킹"", ""연화산 둘레길"", ""태백 눈꽃야영장"", ""오투리조트 골프장""]"
태백산 한옥펜션[한국관광 품질인증/Korea Quality],"[""태백산"", ""한백산"", ""철암마을"", ""구와우마을""]"
통리게스트하우스,"[""통리역""]"
동아호텔,"[""강원도"", ""태백"", ""태백역"", ""태백버스터미널"", ""석탄박물관"", ""용연동굴""]"
시대장모텔,"[""태백역""]"
태백호텔,"[""태백산 국립공원""]"
이지스모텔,"[""태백역""]"
알프스모텔,"[""황지연못"", ""황지공원"", ""태백"", ""상장동 벽화마을"", ""구와우마을"", ""오로라파크"", ""태백체험공원""]"
패스텔모텔,"[""강원도"", ""태백시"", ""황지연못"", ""태백산국립공원""]"
드래곤밸리호텔,[]
켄싱턴플로라호텔평창,"[""오대산 국립공원"", ""월정사 전나무숲"", ""알펜시아 스키 리조트"", ""용평 골프 클럽""]"
휘닉스파크호텔,"[""평창"", ""휘닉스 스노우 파크"", ""휘닉스 컨트리클럽"", ""블루캐니언"", ""스카이 콘도"", ""휘닉스 블루캐니언"", ""태기산""]"
인터컨티넨탈 알펜시아평창리조트,"[""알펜시아 스키 리조트"", ""용평리조트"", ""오대산 국립공원"", ""월정사""]"
홀리데이인리조트,"[""평창"", ""용평 스키리조트"", ""대관령 양떼목장"", ""오대산 월정사"", ""대관령"", ""평창알펜시아 카지노"", ""몽블랑 레스토랑"", ""에델바이스 라운지""]"
서림관광호텔,"[""평창역"", ""양양국제공항"", ""대관령스키박물관"", ""용평워터파크"", ""오션700""]"
고려궁 전통한옥호텔,"[""평창"", ""용평리조트"", ""용평 워터파크"", ""알펜시아 스키 리조트"", ""오대산 국립공원""]"
㈜현대엘리엇호텔 앤드리조트,"[""설악산"", ""속초해수욕장"", ""속초시외버스터미널""]"
한화호텔&리조트 평창한화콘도,"[""평창"", ""용평리조트"", ""알펜시아리조트"", ""대관령"", ""오대산"", ""평창역""]"
홀리데이인스위트,"[""설악산"", ""속초해수욕장"", ""속초시외버스터미널""]"
아이원리조트,"[""알펜시아"", ""용평리조트"", ""수도권"", ""평창올림픽""]"
용평4-3차 아폴리스 콘도,[]
한국전통음식문화체험관(정강원),"[""강원도"", ""평창군"", ""용평면"", ""금당산"", ""금당계곡""]"
베리온리조트,"[""강원도"", ""가산 이효석"", ""봉평""]"
휘닉스 평창 콘도,"[""휘닉스 평창"", ""스카이콘도"", ""KBS 미니시리즈 ‘가을동화’""]"
관광펜션 시실리(평창시실리펜션),"[""평창""]"
솔섬마을 관광펜션,[]
휘닉스평창 유스호스텔,[]
샬레리조트,"[""휘닉스파크"", ""블루캐니언""]"
올리브뷰띠끄,"[""아스펜"", ""독가촌"", ""브딱올리브몰""]"
12월의왈츠펜션,"[""용평""]"
계방산자연농원,[]
키스멧코티지,[]
산내들펜션,[]
플로렌스펜션,[]
비움 펜션,"[""금당계곡"", ""휘닉스파크"", ""허브나라"", ""알펜시아"", ""대관령 양떼목장"", ""오대산 월정사""]"
어름치펜션,"[""평창"", ""어름치마을"", ""동강"", ""창리천"", ""동강래프팅"", ""백운산""]"
우미정,[]
보궁민박,"[""오대산"", ""월정사""]"
채울,[]
정강원 관광농원,"[""강원도"", ""평창군"", ""판관대"", ""봉평장터"", ""이효석문학관""]"
가을동화펜션,"[""평창"", ""흥정계곡""]"
평창이야기펜션,"[""흥정계곡"", ""휘닉스파크"", ""허브나라"", ""알펜시아"", ""용평리조트"", ""양떼목장""]"
벤치하우스 펜션,"[""흥정계곡"", ""휘닉스파크"", ""허브나라"", ""알펜시아"", ""용평리조트"", ""양떼목장""]"
우리민박,"[""흥정계곡"", ""금당계곡""]"
수정펜션,"[""대관령면""]"
솔밭개울펜션,"[""휘닉스파크""]"
엔젤드림펜션,"[""흥정계곡"", ""휘닉스파크"", ""허브나라"", ""양떼목장"", ""알펜시아""]"
AM호텔,"[""대관령면"", ""강원도"", ""강릉""]"
체르맛트,"[""강원도"", ""평창"", ""진부면"", ""오대산"", ""월정사"", ""알펜시아리조트"", ""용평스키장"", ""양떼목장"", ""삼양목장"", ""허브나라"", ""KTX 진부역"", ""영동고속도로 진부IC""]"
베리온리조트2,"[""휘닉스파크"", ""용평리조트"", ""웰리힐리파크"", ""흥정계곡"", ""팔석정"", ""금당계곡"", ""대관령"", ""오대산"", ""이효석문학관""]"
힐링하시개,[]
베리온리조트1,"[""휘닉스파크"", ""용평리조트"", ""웰리힐리파크"", ""흥정계곡"", ""팔석정"", ""금당계곡"", ""대관령"", ""오대산"", ""이효석문학관""]"
화이트캐빈,"[""강원도"", ""평창"", ""휘닉스파크""]"
가재와곰펜션,"[""강원도"", ""평창군"", ""흥정계곡""]"
라마다호텔&스위트평창,"[""고루포기산"", ""능경봉"", ""대관령""]"
더마루,"[""올림픽 개,폐회식장"", ""대관령"", ""대관령면"", ""횡계리"", ""대관령 양떼목장"", ""삼양목장"", ""대관령하늘목장""]"
에이엠호텔,"[""평창""]"
더화이트호텔,"[""강원도"", ""평창"", ""휘닉스파크""]"
안단테 북펜션,"[""평창"", ""백덕산"", ""청옥산""]"
별빛나루 펜션,[]
작은통나무집 펜션,"[""내월암 계곡""]"
돈막골펜션,"[""강원도"", ""평창"", ""양떼목장"", ""레일바이크"", ""허브나라""]"
평창강가에서펜션,[]
숲사이길펜션,"[""오대천"", ""오대산"", ""월정사"", ""진부KTX"", ""진부IC"", ""용평"", ""알펜시아스키장"", ""강릉"", ""경포대"", ""주문진""]"
융프라우펜션,[]
산모랭이펜션,"[""기리왕산"", ""평창""]"
계절이 지나가는 하늘,[]
베니스펜션,"[""강원도"", ""평창군"", ""봉평면"", ""흥정계곡""]"
그림같은집,[]
애비로드,[]
송림펜션,[]
다차펜션,"[""휘닉스파크"", ""용평리조트"", ""현대 성우리조트"", ""허브나라"", ""흥정계곡"", ""금당계곡"", ""강원도 평창""]"
안개꽃필무렵,"[""천심대 계곡""]"
쪽빛하늘펜션,"[""흥정계곡""]"
퀸스가든펜션,"[""대관령"", ""양떼목장"", ""하늘목장"", ""평창""]"
펜션그림,"[""대관령""]"
우리빌리지펜션,"[""한강"", ""흥정계곡"", ""강릉바다""]"
T-Pension,"[""대관령""]"
쉼펜션,"[""평창군"", ""봉평면"", ""평창 자연휴양림"", ""백운동 계곡"", ""평창 휘닉스 파크"", ""이효석문학관"", ""흥정계곡"", ""봉평시장""]"
강애산애펜션,"[""흥정계곡"", ""강원도"", ""휘닉스파크""]"
하이디하우스,"[""강원도"", ""평창군""]"
봉평별빛펜션,[]
비블로스펜션,"[""흥정계곡"", ""해피평창""]"
펜션수가성,"[""강원도"", ""평창""]"
이스턴파크,"[""평창"", ""휘닉스파크"", ""이효석 생가"", ""이효석문학관"", ""흥정계곡"", ""허브나라"", ""무이예술관"", ""금당계곡""]"
하우스봉봉,[]
메이페어 데네브,"[""강원도"", ""평창군"", ""휘닉스파크"", ""무이예술관"", ""이효석문학관"", ""흥정계곡"", ""앵무새학교"", ""한국자생식물원"", ""양떼목장""]"
대관령에델바이스펜션,"[""용평리조트"", ""알펜시아리조트"", ""대관령 양떼목장"", ""삼양목장""]"
푸른솔펜션,"[""대관령"", ""용평리조트""]"
칸델라통나무펜션,[]
아침의 소리,"[""태기산"", ""휘닉스 평창"", ""이효석 문학관"", ""흥정계곡"", ""허브나라"", ""금당계곡"", ""대관령 양떼목장""]"
대관령하우스,[]
솔숲,"[""강원"", ""평창""]"
메이페어 리겔,"[""평창군"", ""봉평면"", ""양떼목장"", ""허브나라""]"
마메별,"[""강원도"", ""평창"", ""휘닉스파크""]"
꼬마성,"[""강원도"", ""평창"", ""휘닉스파크""]"
개여울,[]
아리오,"[""봉평면"", ""강원도"", ""평창"", ""흥정계곡""]"
(주)나온 리조트팰리즈,"[""흥정계곡"", ""허브나라""]"
대관령로뎀나무,"[""강원도"", ""평창군"", ""대관령면"", ""용평리조트"", ""알펜시아"", ""평창""]"
선영아사랑해,[]
안단테펜션,"[""평창군"", ""봉평면"", ""허브 나라""]"
핑크하우스,"[""평창군"", ""봉평면"", ""금당계곡"", ""흥정계곡"", ""양떼목장"", ""봉평 허브나라""]"
스노우힐펜션,"[""평창군"", ""진부면"", ""수항리""]"
그리네펜션,"[""평창군"", ""봉평면"", ""흥정리"", ""깨비마을"", ""흥정계곡""]"
메이페어나르샤,[]
푸른하늘펜션(펜트하우스펜션),[]
하늘닿은펜션,"[""강원도"", ""평창"", ""휘닉스파크"", ""이효석 문학관"", ""평창무이예술관"", ""허브나라 농원"", ""봉평면"", ""평창군""]"
펜스토리,[]
별헤는밤,"[""평창군"", ""봉평면"", ""하늘목장"", ""대관령삼약목장""]"
대관령아름다운펜션,"[""대관령"", ""오대산""]"
대관령그린필드펜션,"[""용평 워터파크"", ""발왕산 케이블카""]"
로얄장모텔,"[""강원도"", ""평창군"", ""평창읍""]"
평창아름다운세상,"[""흥정계곡"", ""휘닉스파크""]"
부성파크,"[""휘닉스파크"", ""장평""]"
프라하21펜션,[]
구름위의테라스,"[""대관령""]"
오대산별빛동산펜션,"[""오대산"", ""월정사"", ""방아다리약수터"", ""용평리조트""]"
초가집황토펜션,"[""강원도"", ""평창군"", ""봉평면"", ""태기산""]"
황미숙펜션,"[""대관령 양떼목장"", ""용평스키장""]"
더파머스,"[""평창""]"
평창강펜션,"[""평창강"", ""절개산"", ""동강"", ""뇌운계곡"", ""금당계곡"", ""동해안""]"
뇌운계곡사람들,"[""강원도"", ""평창군"", ""평창읍"", ""뇌운계곡""]"
두산민박,"[""평창군"", ""진부면""]"
로뎀나무펜션,"[""평창강""]"
메아리펜션,[]
둥지민박,"[""월정사"", ""전나무숲""]"
옹기종기펜션,"[""강원도"", ""평창군"", ""평창읍""]"
평창필그림펜션,"[""흥정계곡"", ""봉평"", ""허브농원"", ""휘닉스 파크"", ""이효석 생가""]"
평창강힐링하우스,[]
평창 다온숲 펜션,"[""평창역""]"
평창힐링스테이,[]
리버사이드,"[""허브나라"", ""이효석문학관"", ""평창""]"
숲속하얀뜰,"[""평창"", ""봉평"", ""휘닉스평창 스키장"", ""블루캐니언"", ""층정계곡"", ""이효석문학관"", ""대관령양떼목장"", ""허브나라""]"
대관령옛길펜션-바이올렛,"[""대관령"", ""용평리조트""]"
대관령옛길펜션-화이트,"[""대관령"", ""용평리조트""]"
에브라임,"[""강원 평창"", ""대관령 하늘목장"", ""허브나라농원""]"
해맑은마을,[]
산마을풍경,"[""흥정산""]"
산들맘 펜션,[]
별 따러 가자,"[""허브나라"", ""흥정계곡"", ""휘닉스파크 리조트""]"
리프레쉬 펜션&캠핑장,[]
시골밥상펜션,[]
돌배나무세그루,"[""강원도"", ""평창"", ""봉평"", ""허브나라"", ""무이예술관""]"
더 휴,"[""흥정계곡""]"
대박이하우스,[]
눈꽃새 펜션,"[""휘닉스 파크"", ""흥정계곡""]"
기와집농박,[]
흥정계곡409,"[""강원특별자치도"", ""평창군"", ""흥정계곡""]"
THE 힐링펜션,"[""휘닉스파크"", ""흥정계곡""]"
도그밀리(DOGMILY),[]
욜로하우스,"[""어름치마을""]"
으지네민박,"[""평창""]"
봉쥬르펜션,"[""평창"", ""휘닉스파크""]"
그랑샤리오,[]
라비앙펜션,"[""태기산"", ""흥정계곡""]"
평창듀오애견수영장계곡펜션,[]
아침에새소리,"[""평창군"", ""봉평면""]"
봄여름가을겨울,"[""평창"", ""금당 계곡""]"
HJ매그놀리아용평호텔앤리조트,"[""백두대간"", ""용평리조트"", ""서울"", ""발왕산"", ""영동고속도로"", ""대관령IC"", ""KTX 진부역"", ""횡계"", ""강릉"", ""동서울"", ""남부터미널""]"
바다내음펜션,"[""평창"", ""봉평면"", ""흥정계곡""]"
숲속의 요정,"[""강원도"", ""평창""]"
펜션 리운산장,"[""평창"", ""봉평"", ""휘닉스파크"", ""금당계곡"", ""금당산"", ""봉평장"", ""오대산"", ""월정사"", ""동해안"", ""강릉"", ""정동진"", ""정선""]"
아트인아일랜드,[]
소노문 비발디파크,"[""서울"", ""홍천군"", ""서면""]"
호텔화양강,"[""원주 공항""]"
세이지우드 호텔 홍천,"[""홍천강"", ""비발디파크"", ""팔봉산"", ""오션월드""]"
안개자니펜션,"[""군업천"", ""공작산""]"
신영펜션,"[""강원도"", ""홍천군"", ""서면"", ""대명 비발디파크"", ""비발디파크"", ""팔봉산"", ""홍천강"", ""소리산 계곡""]"
구름속의 산책 키즈풀빌라,[]
하늘호수 키즈풀빌라,"[""대명 비발디파크"", ""노일 강""]"
인마이라이프,"[""설악산"", ""속초해수욕장"", ""속초시외버스터미널""]"
홍천 ST리조텔,"[""강원도"", ""홍천군"", ""서면"", ""양평"", ""용문"", ""대명 비발디 스키장"", ""오션월드"", ""팔봉산"", ""홍천강""]"
고향의봄,"[""강원도"", ""홍천"", ""팔봉산"", ""운두령""]"
힐리언스 선마을,"[""강원도"", ""홍천군"", ""종자산""]"
시실리펜션(펜션시실리),"[""홍천강""]"
SKY비발디펜션,"[""강원도"", ""홍천군"", ""서면"", ""대명 비발디파크"", ""홍천"", ""오션월드"", ""홍천터미널""]"
펫티움애견펜션,"[""오션월드"", ""비발디파크"", ""잠실""]"
유리트리트,"[""강원도"", ""홍천""]"
빌리지736,"[""금학산"", ""홍천강"", ""쇠뿔봉""]"
펜션아이리스,"[""강원도"", ""홍천"", ""서울"", ""홍천 대명비발디"", ""오션월드""]"
펜션푸름,"[""춘천"", ""홍천"", ""대명비발디파크""]"
너른바위,"[""공작산"", ""군업천""]"
물안개피는 들꽃나루펜션,"[""홍천강""]"
곰펜션,"[""서울"", ""오션월드"", ""비발디파크 스키장"", ""홍천강유원지"", ""팔봉산"", ""춘천"", ""남이섬""]"
타샤의 정원,[]
양덕드림빌 펜션,"[""강원도"", ""홍천군"", ""남면"", ""양덕원"", ""대명 콘도""]"
솔향기 펜션,"[""노일강"", ""홍천강"", ""대명 스키장""]"
까사모로,"[""대명비발디파크"", ""팔봉산"", ""홍천강""]"
강변의수채화 펜션,"[""강원도"", ""홍천"", ""노일강"", ""금학산""]"
세도나 펜션,"[""대명 비발디 리조트"", ""홍천강"", ""팔봉산 유원지"", ""금학사"", ""수타사계곡""]"
아레나 펜션,[]
티라미스 펜션,"[""강원도"", ""홍천"", ""홍천강"", ""대명 비발디 파크""]"
리버힐펜션,"[""홍천강"", ""대명비발디파크""]"
고흐와 해바라기,[]
아름다운기억,[]
멜로즈펜션,"[""홍천강"", ""비발디파크"", ""오션월드"", ""쁘띠쁘랑스"", ""남이섬"", ""양떼목장""]"
펜션강가애,"[""홍천강""]"
응아지나루,"[""홍천강"", ""대명비발디파크"", ""오션월드"", ""팔봉산""]"
강가의성,"[""홍천시내"", ""춘천"", ""홍천강"", ""원소리"", ""장항리"", ""반딧불이 마을"", ""중앙고속도로"", ""홍천강휴게소""]"
알프스대영 골프빌리지,"[""구룡사"", ""횡성 자연 휴양림"", ""휘닉스파크 스키 리조트"", ""횡성 온천""]"
웰리힐리CC 페어웨이빌라(히든힐스) ,"[""횡성"", ""둔내"", ""웰리힐리파크"", ""웰리힐리파크 스노우파크"", ""주천강 강변 자연휴양림"", ""휘닉스파크 스키 리조트"", ""청태산 휴양림""]"
웰리힐리파크,"[""강원도"", ""횡성"", ""술이봉"", ""청태산자연휴양림"", ""치악산국립공원""]"
호텔 휘닉스,"[""영동고속도로"", ""새말휴게소"", ""치악산국립공원"", ""구룡사"", ""횡성"", ""평창"", ""성우리조트"", ""보광휘닉스파크""]"
제너두,[]
뉴월드,"[""횡성군"", ""웰리힐리 스노우파크""]"
모던힐펜션,"[""웰리힐리파크리조트""]"
펜션별을쏘다,"[""서울"", ""수도권"", ""제 2영동고속도로"", ""서원주IC"", ""원주"", ""한솥오크밸리"", ""오크밸리""]"
별무리펜션,"[""강원도"", ""횡성"", ""대관령"", ""횡성온천"", ""별무리계곡"", ""봉평""]"
태기산장모텔,"[""둔내면 체육공원"", ""청일면"", ""우천면"", ""갑천면"", ""안흥면"", ""방림면"", ""태기산"", ""청태산"", ""국립횡성숲체원"", ""태기산 풍력단지"", ""국순당 주향로"", ""웰리힐리파크"", ""둔내5일장"", ""화수목 뼈짬뽕"", ""태기산막국수"", ""ktx둔내역"", ""둔내 ic""]"
위드제이,"[""강원특별자치도"", ""횡성군""]"
청태산힐링펜션,"[""청태산"", ""흥정계곡"", ""허브나라"", ""횡성댐"", ""한국자생식물원"", ""이효석문화마을"", ""태기산"", ""청태산자연휴양림""]"
꿈속에 그린 펜션,"[""강원도"", ""성우리조트""]"
오즈모텔,"[""횡성"", ""횡성읍"", ""횡성 터미널"", ""부곡계곡"", ""횡성자연휴양림"", ""주천강변자연휴양림"", ""둔내자연휴양림""]"
티파니모텔,"[""횡성군"", ""둔내면"", ""둔내 I.C"", ""현대 성우리조트"", ""청태산 자연휴양림"", ""둔내 자연휴양림"", ""주천강""]"
